,id,name,blurb,city,loc_state,launched_at,deadline,goal,pledged,state,urls,category_id,category,subcategory,CODE1,CODE2,naics_code,desc
1,1038000179,Tube Shoot,Invade your favorite TV shows with guns blazing in this highly original shooter game for your mobile device.,Valencia,CA,2013-04-19,2013-05-19,15000,1241,failed,https://www.kickstarter.com/projects/1362527818/tube-shoot?ref=category,35,Games,Video games,5112,5112,5121,Motion Picture and Video Industries
2,1042414789,"Adam & Paul Save the Whole, Entire Apartment Complex","Two pop culture geeks set out to save their apartment complex during the zombie apocalypse, because saving the world is too much work!",Los Angeles,CA,2013-07-11,2013-08-10,12000,2408,failed,https://www.kickstarter.com/projects/paultodd/adam-and-paul-save-the-whole-entire-apartment-comp?ref=category,33,Film & video,Webseries,5121,5121,5121,Motion Picture and Video Industries
3,1060166680,Inspired,"Inspired by a lifetime of collaboration, I am finally recording an album of my own with the help of great musicians & friends.",Houston,TX,2014-06-21,2014-07-21,7500,8210,successful,https://www.kickstarter.com/projects/1170691712/inspired-0?ref=category,41,Music,Jazz,7111,7111,7111,Performing Arts Companies
4,1070560167,More Business of Being Born - Ricki Lake and Abby Epstein,Filmmakers Ricki Lake and Abby Epstein take a deeper look into the controversies and choices surrounding modern childbirth.,Los Angeles,CA,2011-06-14,2011-07-14,100000,121679.15,successful,https://www.kickstarter.com/projects/211982196/more-business-of-being-born-ricki-lake-and-abby-ep?ref=category,30,Film & video,Documentary,5121,5121,5121,Motion Picture and Video Industries
5,1073620864,Rooted in Alameda,"A multimedia project lifting up the history of African Americans in Alameda, California.",Alameda,CA,2019-03-26,2019-05-10,2500,5270,successful,https://www.kickstarter.com/projects/rasheedshabazz/rooted-in-alameda?ref=discovery_category_newest,357,Journalism,Audio,5191,5191,7115,"Independent Artists, Writers, and Performers"
6,1098244109,Ghost Vinyl: Insert Meme Here,"Just some kids from butthole, Arizona, looking to become a great indie band...in the eyes of an angel, we need you.",Tucson,AZ,2017-10-11,2017-12-10,5000,0,live,https://www.kickstarter.com/projects/2037241377/ghost-vinyl-insert-meme-here?ref=category_newest,40,Music,Indie rock,7111,7111,7111,Performing Arts Companies
7,1106106046,SnapPower ConnectLight,"Linkable, motion activated pathway lighting...that installs in seconds. Transform the way you light your home at night!",Orem,UT,2020-08-11,2020-09-10,30000,285476,successful,https://www.kickstarter.com/projects/snappower/connectlight?ref=discovery_category_newest,16,Technology,NA,3351,3351,3351,Electric Lighting Equipment Manufacturing
8,1111970353,Swing Lab - Modular Porch Swing,A modular porch swing that allows the user to configure multiple combinations of seating arrangements.,Olathe,KS,2018-11-10,2019-01-09,30000,112,failed,https://www.kickstarter.com/projects/1781895177/swing-lab-modular-porch-swing?ref=category_newest,356,Crafts,Woodworking,3371,3371,3371,Household and Institutional Furniture and Kitchen Cabinet Manufacturing
9,1137873695,Hugo the Happy Starfish: THE LAST BULLY,Hugo the Happy Starfish is an educational children’s book series by Suzy Liebermann featuring THE LAST BULLY and the Anti-Bully Club,Miami,FL,2015-04-27,2015-05-27,1000,1180,successful,https://www.kickstarter.com/projects/suzyliebermann/hugo-the-happy-starfish-the-last-bully?ref=category,46,Publishing,Children's books,5111,7115,5111,"Newspaper, Periodical, Book, and Directory Publishers"
10,1139821552,The Funklet,Graphic notations of twenty classic funk beats.,Ann Arbor,MI,2011-05-26,2011-06-26,3200,8285,successful,https://www.kickstarter.com/projects/1461914303/the-funklet?ref=category,14,Music,NA,7111,7111,4539,Other Miscellaneous Store Retailers
11,1146912065,The Atlanta Marshmallow Co. Launch & Vegan Marshmallows!,AtlMarshCo is making crazy good gourmet cubes of fluff in fab flavors that toast for s'mores & melt in traditional and now VEGAN too!,Atlanta,GA,2017-11-08,2017-11-25,768,320,failed,https://www.kickstarter.com/projects/2364597/the-atlanta-marshmallow-co-launch-and-vegan-marshm?ref=category_newest,315,Food,Vegan,3113,3113,3119,Other Food Manufacturing
12,1147285833,My Life,"I want to create a master peice! The catch....I want it to be inspired by the world! Please help inspire! More money, the bigger it is!",Lee,MA,2014-08-14,2014-09-13,2000,0,failed,https://www.kickstarter.com/projects/jonrayburn/my-life-0?ref=category,23,Art,Painting,7115,7115,7115,"Independent Artists, Writers, and Performers"
13,1155969639,"Mississippi Aquaponics, Living Supermarket",Mississippi Aquaponics is building an educational green house.,Long Beach,MS,2014-10-28,2014-11-27,8000,20,failed,https://www.kickstarter.com/projects/1579674648/mississippi-aquaponics-living-supermarket?ref=category,337,Technology,Gadgets,3342,3342,1114,"Greenhouse, Nursery, and Floriculture Production"
14,1166975139,OLD SCHOOL BAKERY & CAFE,"Restore Helvetia's 107 year-old land landmark schoolhouse as a vibrant cafe, Swiss Bakery, indoor farmers market and meeting hall.",Helvetia,OR,2014-08-19,2014-09-01,85000,640,failed,https://www.kickstarter.com/projects/2815287/old-school-bakery-and-cafe?ref=category,310,Food,Farmer's markets,3118,3118,7223,Special Food Services
15,1187517214,Trinity: Lock Pick Learning Kit,Have you ever wanted to learn to pick locks? This is your chance! I've put together the starter kit right here!,Jackson,MS,2017-05-17,2017-06-16,500,7326,successful,https://www.kickstarter.com/projects/1943000892/trinity-lock-pick-learning-kit?ref=category_newest,16,Technology,NA,4593,4593,4539,Other Miscellaneous Store Retailers
16,1192253859,I Heart Mom - Burning Man Art 2021,"An 'I Heart Mom' traditional style tattoo art piece, standing 20 feet tall will have the script 'Mom' on a scroll across the front.",Black Rock City,NV,2021-04-10,2021-05-25,1500,246,live,https://www.kickstarter.com/projects/iheartmom/i-heart-mom-art-honorarium?ref=discovery_category_newest,288,Art,Installations,7115,7115,4539,Other Miscellaneous Store Retailers
17,1195741439,Unrequited,"Join me in the final throes of my 1st album, a culmination of jazz operatic neo soul funk with additional remixes by Emoticon",Lahaina,HI,2015-05-25,2015-07-08,3000,3674,successful,https://www.kickstarter.com/projects/394157151/unrequited-1?ref=category,41,Music,Jazz,7111,7111,7113,"Promoters of Performing Arts, Sports, and Similar Events"
18,1204118218,4 Writers: A Series Masterpiece,"The first of a seven book series planned by the gifted inventor, unites three professional re-writers in the creation of a masterpiece",Pittsburgh,PA,2013-05-10,2013-06-09,35000,27,failed,https://www.kickstarter.com/projects/698848774/4-writers-a-series-masterpiece?ref=category,47,Publishing,Fiction,5111,5111,5111,"Newspaper, Periodical, Book, and Directory Publishers"
19,121017555,Maps 3,25mm scale maps of building floor plans for use in tabletop RPGs.,Redmond,WA,2015-12-07,2015-12-21,50,170,successful,https://www.kickstarter.com/projects/1592014779/maps-3?ref=category,34,Games,Tabletop games,3399,3399,4539,Other Miscellaneous Store Retailers
20,1218703985,Cindy's Boyfriend,"An actor tries to scare off the new boyfriend of his friend’s ex-girlfriend, but the new boyfriend turns out to be a brutal mobster.",Los Angeles,CA,2013-05-31,2013-06-25,10000,13986,successful,https://www.kickstarter.com/projects/1469996568/cindys-boyfriend?ref=category,32,Film & video,Shorts,5121,5121,5121,Motion Picture and Video Industries
21,1223288208,The Good Kids Apparel,The Good Kids Apparel is a gender neutral clothing line. Modern streetwear for kids. Made in USA #BeGood,Las Vegas,NV,2017-11-15,2017-12-15,2000,5,failed,https://www.kickstarter.com/projects/2066782/the-good-kids-apparel?ref=category_newest,264,Fashion,Childrenswear,3152,3152,3152,Cut and Sew Apparel Manufacturing
22,1226537948,"Outward Spectacle: National Parks, A Multimedia Art Concept","One story, told through a Snapchat Spectacles-filmed documentary, a book, Polaroids, a podcast, letters, an audiobook, videos & more",Philadelphia,PA,2017-05-09,2017-06-09,8888,9000.33,successful,https://www.kickstarter.com/projects/1654393206/outward-spectacle-national-parks-a-multimedia-art?ref=category_newest,45,Publishing,Art books,5111,5111,5111,"Newspaper, Periodical, Book, and Directory Publishers"
23,1263057836,The Worlds of Li Loo Neng,This is a story of an orphan named Li Loo. She is lost in the world and creates her own worlds to find all the things she is missing.,Mount Olive,NC,2016-05-31,2016-07-01,800,625,failed,https://www.kickstarter.com/projects/1868813961/the-worlds-of-li-loo-neng?ref=category,47,Publishing,Fiction,7115,7115,5111,"Newspaper, Periodical, Book, and Directory Publishers"
24,1263682292,Uncertain Existence,"A short film about a teen boy trying to overcome the world of domestic violence, bullying, drug addiction and suicide he was placed in.",East Providence,RI,2016-01-25,2016-03-25,15000,235,failed,https://www.kickstarter.com/projects/uncertainexistence/uncertain-existence?ref=category,293,Film & video,Drama,5121,5121,5121,Motion Picture and Video Industries
25,1272397812,"MiiXR | Can your sports bottle, shaker or blender do this?!",BLEND | DRINK | CHARGE | GO.  MiiXR is a beautifully designed Vortex Mixer that will charge your devices while you workout.,New York,NY,2017-02-06,2017-03-09,30000,66390.01,live,https://www.kickstarter.com/projects/promixx/miixr-can-your-sports-bottle-shaker-or-blender-do?ref=category,28,Design,Product design,3352,3352,3399,Other Miscellaneous Manufacturing
26,1292055647,Relic Ball,Relic Ball leads you on an adventure around the world as you solve mysterious puzzles and collect ancient artifacts.,Orlando,FL,2012-01-21,2012-03-21,10000,10331.03,successful,https://www.kickstarter.com/projects/relicball/relic-ball?ref=category,35,Games,Video games,5112,5112,5112,Software Publishers
27,13171692,Food Cycle: Building soil with pedal power!,"Expand our garden and help launch our neighborhood-scale, pedal-powered composting project in North Central Troy.",Troy,NY,2012-05-23,2012-06-21,10000,10312.2,successful,https://www.kickstarter.com/projects/collardcitygrowers/food-cycle-building-soil-with-pedal-power?ref=category_newest,10,Food,NA,1114,1114,1151,Support Activities for Crop Production
28,1355757714,Mary Bond's New Book: Your Body Mandala,"Meditations to enhance posture, body literacy, and presence. Gain comfortable, efficient movement in daily living, and relieve stress.",Los Angeles,CA,2016-10-03,2016-11-02,20000,25397,successful,https://www.kickstarter.com/projects/1733788192/mary-bonds-new-book-your-body-mandala?ref=category,48,Publishing,Nonfiction,5111,5111,7115,"Independent Artists, Writers, and Performers"
29,1356995569,CoroBot Spark. Make your own robot. So simple. So affordable,The educational robotics kit designed to be hacked.,Austin,TX,2014-11-05,2014-12-05,45000,1911,canceled,https://www.kickstarter.com/projects/1864239223/corobot-spark-make-your-own-robot-so-simple-so-aff?ref=category,334,Technology,Diy electronics,3344,3344,3344,Semiconductor and Other Electronic Component Manufacturing
30,1381306610,BIRD JUICE PART 2: THIS TIME IT'S FOR REAL (Canceled),Bird Juice Part 2: This Time It's For Real is a coming of age tale about a young man's journey flight into manhood,San Francisco,CA,2017-02-17,2017-03-19,1500,20,canceled,https://www.kickstarter.com/projects/215214698/bird-juice-part-2-this-time-its-for-real?ref=category,292,Film & video,Comedy,5121,5121,5121,Motion Picture and Video Industries
31,138146930,"DOME, Agricultural Villa Tre Grazie",Witness and participate in the creation of an incredible work of art. A blank canvas at an agricultural villa is waiting for the artist,Santa Rosa,CA,2013-12-30,2014-02-28,22000,562,failed,https://www.kickstarter.com/projects/873637402/duomo-of-sonoma-agricultural-villa-tre-grazie?ref=category,23,Art,Painting,7115,7115,1151,Support Activities for Crop Production
32,1384122051,VentPack 2.0,We're creating a platform where college kids and others can have a place to vent feelings anonymously without having to do it in person,Reno,NV,2018-01-30,2018-03-30,30000,1,live,https://www.kickstarter.com/projects/1192911240/ventpack-20?ref=category_newest,332,Technology,Apps,5112,6213,5416,"Management, Scientific, and Technical Consulting Services"
33,142686524,7 SENSES — PERSONALIZED drawings for you and an art gallery,Paintings of you the way I see according to the 7 words you give me. You receive the original artwork and I display it. Don't miss it!,Seattle,WA,2015-08-04,2015-09-03,600,816,successful,https://www.kickstarter.com/projects/589314937/7-senses-paintings-that-capture-you-at-the-very-mo?ref=category,22,Art,Illustration,7115,7115,7115,"Independent Artists, Writers, and Performers"
34,1435137215,The Perfect Fold,"A compact, easy to use device that will assist you to fold a fitted sheet in less than a minute. There is nothing like it on the market",Centennial,CO,2019-10-02,2019-11-01,30000,26,live,https://www.kickstarter.com/projects/bearclaw/the-perfect-fold?ref=discovery_category_newest,28,Design,Product design,3399,3399,3399,Other Miscellaneous Manufacturing
35,1436589662,Mama Rue's Goodies,I'm starting an at home bakery as the first step towards starting a ministry. I'll be baking treats and selling them in the community.,Lancaster,PA,2016-03-08,2016-03-23,1000,1000,successful,https://www.kickstarter.com/projects/237118052/mama-rues-goodies?ref=category_newest,10,Food,NA,3118,3118,3118,Bakeries and Tortilla Manufacturing
36,1439668741,Help us bring The Visionary Planner to Life!,"The Visionary Planner was birthed out of the yearning to have a place to write down goals, build a vision and have a reference guide.",Poughkeepsie,NY,2017-11-22,2017-12-12,10000,0,failed,https://www.kickstarter.com/projects/thevisionaryplanner/help-us-bring-the-visionary-planner-to-life?ref=category_newest,353,Crafts,Stationery,3222,3222,3399,Other Miscellaneous Manufacturing
37,1442726950,Hudson Freeman - Indie Singer-Songwriter - Original EP,Help seventeen-year-old singer-songwriter Hudson Freeman record and deliver an original six song EP.,Dallas,TX,2015-07-13,2015-08-12,5000,5281,successful,https://www.kickstarter.com/projects/1140896819/hudson-freeman-indie-singer-songwriter-original-ep?ref=category,40,Music,Indie rock,5122,5122,5122,Sound Recording Industries
38,1455763227,Socially Conscious Hip Hop Album Launch,Launching Raven Odin's debut album will be enhanced by a variety of initiatives. The result: groundbreaking hip hop.,San Jose,CA,2014-08-11,2014-10-10,7000,155,failed,https://www.kickstarter.com/projects/449843525/socially-conscious-hip-hop-album-launch?ref=category,39,Music,Hip-hop,5122,5122,5122,Sound Recording Industries
39,1457329794,The Cloudism Project,"Three interactive pieces about human discovery, building identities through play, and plays. To be staged at Capital Fringe 2012.",Washington,DC,2012-06-08,2012-07-13,800,910,successful,https://www.kickstarter.com/projects/thecloudismproject/the-cloudism-project?ref=category_newest,17,Theater,NA,7111,7111,7111,Performing Arts Companies
40,1475930033,Saturday Knights,"Pro Wrestling game, gameplay based on the AKI engine & featuring independent wrestling stars. This one is for the fans, by the fans.",Los Angeles,CA,2016-09-01,2016-10-05,270000,8910,failed,https://www.kickstarter.com/projects/joemethod/saturday-knights?ref=category,35,Games,Video games,5112,5112,5112,Software Publishers
41,1483751084,Beyond the Bolex: A Documentary Film,Meet Jacques Bolsey - the man behind a generation's worth of moving images.,Los Angeles,CA,2013-03-10,2013-04-20,35000,35277,successful,https://www.kickstarter.com/projects/cappuccino/beyond-the-bolex-a-documentary-film?ref=category,30,Film & video,Documentary,5121,5121,5121,Motion Picture and Video Industries
42,1488413551,Ambient Forces Dynamo Workshop Laboratory,An Ambient Forces Dynamo (patent pending) workshop laboratory to refine the design to a marketable/usable point.,Arvada,CO,2019-09-05,2019-11-04,6536000,2,live,https://www.kickstarter.com/projects/ambient-force-dynamo/ambient-forces-dynamo-workshop-laboratory?ref=discovery_category_newest,16,Technology,NA,5417,5417,8111,Automotive Repair and Maintenance
43,1506902762,Gay Marriage =,"The founder of """"It's Pronounced Metrosexual"""" is creating an awareness / awesome / equality / gay-rights / awesome T-Shirt.",Austin,TX,2012-02-09,2012-03-13,960,1552,successful,https://www.kickstarter.com/projects/killermann/gay-marriage?ref=category,9,Fashion,NA,4481,4481,4481,Clothing Stores
45,1533258261,Harlem Hellfighters,Pilot > T.V. Series,San Diego,CA,2020-11-26,2021-01-25,33000,5152,failed,https://www.kickstarter.com/projects/841352236/harlem-hellfighters?ref=discovery_category_newest,293,Film & video,Drama,5121,5121,5121,Motion Picture and Video Industries
46,1545244817,The Meadows Player's Guide,"A Player's Guide to the Noir-filled, Goblin Gambling, Post-Apocalypse. Designed for Dungeons and Dragons Fifth Edition.",Santa Rosa,CA,2021-02-16,2021-03-02,500,616,successful,https://www.kickstarter.com/projects/themimicsvault/the-meadows-players-guide?ref=discovery_category_newest,34,Games,Tabletop games,3399,3399,7112,Spectator Sports
47,1575097017,Fragile Masculinity,"""""Fragile Masculinity """" is a photo book by Matthew Dean Stewart, focusing on gender roles in our society and what it means to be a """"Man""""",Portland,OR,2017-12-16,2018-01-15,4000,7075,successful,https://www.kickstarter.com/projects/fragilemasculinity/fragile-masculinity?ref=category_newest,280,Photography,Photobooks,5419,5419,5419,"Other Professional, Scientific, and Technical Services"
48,1605910562,No BS Pillow™,"It's NOT the prettiest pillow, but this thing WORKS!",New York,NY,1970-01-01,1970-01-01,0,0,submitted,https://www.kickstarter.com/projects/354947587/no-bs-pillowtm?ref=discovery_category_newest,28,Design,Product design,3152,3152,3379,Other Furniture Related Product Manufacturing
49,1610409922,Winterberry Playing Cards (Canceled),Winterberry is a fully custom deck of cards inspired by the Nordic winters. Winterberry is hand illustrated from the ground up.,Laguna Niguel,CA,2016-12-03,2017-01-03,10000,2312,canceled,https://www.kickstarter.com/projects/1098166299/winterberry-playing-cards?ref=category,273,Games,Playing cards,3399,3399,3231,Printing and Related Support Activities
50,1622063077,COVR Photo* - An iPhone Case with a Built In Camera Lens,COVR Photo is a case for the iPhone 5/5s with a built in lens to make it easier for Parents & Pros to capture great photographs.,Bellevue,WA,2014-04-02,2014-05-06,80000,85612.15,successful,https://www.kickstarter.com/projects/1317724211/covr-photo-an-iphone-case-with-a-built-in-prism-le?ref=category,333,Technology,Camera equipment,3342,3342,3341,Computer and Peripheral Equipment Manufacturing
51,1624756594,WereWolf Run,"A captured werewolf escapes on its way to the lab, wreaking havoc in this 4 issue horror comic book series.",Columbus,OH,2016-10-04,2016-11-01,8000,12093,successful,https://www.kickstarter.com/projects/613830066/werewolf-run?ref=category,250,Comics,Comic books,7115,7115,5111,"Newspaper, Periodical, Book, and Directory Publishers"
52,1628898050,Help Falling From One complete their CD!!!,Falling From One is currently in the studio recording their first CD and they need your help!,Utica,NY,2014-05-07,2014-06-09,2500,2606,successful,https://www.kickstarter.com/projects/1955785123/help-falling-from-one-complete-their-cd?ref=category,43,Music,Rock,5122,5122,5122,Sound Recording Industries
53,1630766644,"Kickstand - Supporting Students, Teachers and Parents",Edify is an educational learning system that provides the exact resources and additional instruction your child needs to succeed,Grand Rapids,MI,2014-07-24,2014-09-07,100000,1862,failed,https://www.kickstarter.com/projects/1922263868/kickstand-supporting-students-teachers-and-parents?ref=category,51,Technology,Software,6117,6117,6116,Other Schools and Instruction
54,1635266428,Stealing the Image: project for beautiful art,I create beautiful oil paintings that investigate the technique of post-Impressionist artist Pierre Bonnard in my own art.,Kutztown,PA,2014-04-01,2014-05-01,3900,1065,failed,https://www.kickstarter.com/projects/1092507672/stealing-the-image-project-for-beautiful-art?ref=category,23,Art,Painting,7115,7115,7115,"Independent Artists, Writers, and Performers"
55,165371395,"An American """"SOS""""",This is a non-politically correct summary of our nation's health and our responsibility as Americans to restore us to greatness,Dallas,TX,2015-09-28,2015-10-28,9480,0,failed,https://www.kickstarter.com/projects/1757388833/an-american-sos?ref=category,48,Publishing,Nonfiction,7115,7115,7111,Performing Arts Companies
56,1657379264,Let's write poetry together.,"A poetry book from your ideas, written by me.",New York,NY,2020-04-20,2020-05-20,500,51,live,https://www.kickstarter.com/projects/halyzhang/lets-write-poetry-together?ref=discovery_category_newest,50,Publishing,Poetry,7115,7115,5111,"Newspaper, Periodical, Book, and Directory Publishers"
57,1678675410,Plastic Galaxy: A Documentary About Star Wars Toys,"PLASTIC GALAXY is a documentary about Star Wars toys, exploring their history, pop-cultural influence, and the joy they elicit today.",East Village,NY,2012-04-13,2012-05-13,3000,9197.02,successful,https://www.kickstarter.com/projects/1939691921/plastic-galaxy-a-documentary-about-star-wars-toys?ref=category,30,Film & video,Documentary,5121,5121,5121,Motion Picture and Video Industries
58,1701900562,Fabled Environments Presents: Wild West Floorplans,"You got your sarsaparilla and some purdy dice, but somethin's missin'! You need some shiny new western floor plans for your table!!",Raleigh,NC,2015-03-02,2015-04-06,3000,3330,successful,https://www.kickstarter.com/projects/1359478628/fabled-environments-presents-wild-west-floorplans?ref=category,34,Games,Tabletop games,7115,7115,4539,Other Miscellaneous Store Retailers
59,1709873299,Acro Storm- Character-Based Futuristic Racing Game,"A high-speed futuristic racer with an eclectic cast, Acro Storm places as much focus on the racers as it does the tracks.",Lafayette,LA,2016-06-21,2016-07-21,55000,729,failed,https://www.kickstarter.com/projects/868259089/acro-storm-character-based-futuristic-racing-game?ref=category,35,Games,Video games,5112,5112,5112,Software Publishers
60,1711271515,Big Dude Woodworking - One of a kind solid wood products!,"Beautiful handmade solid wood cutting boards, rustic wood American flags, and solid wood candle holders.",El Cajon,CA,2019-10-20,2019-11-19,18200,161,failed,https://www.kickstarter.com/projects/bigdudewoodworking/big-dude-woodworking-one-of-a-kind-solid-wood-products?ref=discovery_category_newest,356,Crafts,Woodworking,3219,3219,3371,Household and Institutional Furniture and Kitchen Cabinet Manufacturing
61,1734284875,Wyrd Sisters 2018 Reading Series,A series of play readings that invites audiences to escape into their imaginations while supporting female artists and women in need.,Manhattan,NY,2018-01-30,2018-03-01,3000,3160,successful,https://www.kickstarter.com/projects/wyrdsistersnyc/wyrd-sisters-2018-reading-series?ref=category_newest,285,Theater,Plays,7111,7111,7111,Performing Arts Companies
62,1749443405,Unpoppable,"I am entering the world of game production, and would like your help in production of a mobile app!",Hazleton,PA,2018-04-19,2018-05-19,1600,1,failed,https://www.kickstarter.com/projects/1041824530/help-build-a-new-app?ref=category_newest,332,Technology,Apps,5112,5112,5112,Software Publishers
63,1761231551,"Vanya: The Lost Warrior #2: an erotic, prehistoric adventure",A warrior from the future's survival is challenged as she navigates a prehistoric world. You can get both issues 1 and 2.,Charleston,WV,2022-03-29,2022-04-28,5000,26516,successful,https://www.kickstarter.com/projects/badbugmedia/vanya-the-lost-warrior-2-a-prehistoric-sci-fi-adventure?ref=discovery_category_newest,250,Comics,Comic books,7115,7115,5111,"Newspaper, Periodical, Book, and Directory Publishers"
64,1766558250,STRAPPY HAT,"I have created this Strappy hat, for some reason it makes people happy, I wanna take a try and market it “strappy the happy hat”",Los Angeles,CA,2018-05-13,2018-06-12,2500,109,live,https://www.kickstarter.com/projects/strappyhats/strappy-hat?ref=category_newest,28,Design,Product design,3159,3159,3152,Cut and Sew Apparel Manufacturing
65,177213460,Bring OTTER 501 to a Town Near You!,The remarkable true story of an orphaned baby otter who washed ashore on the California coast when she was less than a week old.,Monterey,CA,2012-09-27,2012-10-26,11000,12724,successful,https://www.kickstarter.com/projects/otter501/bring-otter-501-to-a-town-near-you?ref=category,30,Film & video,Documentary,5121,5121,5121,Motion Picture and Video Industries
66,182445648,A Wearable Charging Cable Bracelet That Disrupting The World,Hand Braided with Italian Leather By Our Artisan. A Charging Cable disguised as a bracelet. You will never be out of cable with NIFTYX.,San Francisco,CA,2017-04-10,2017-05-10,10000,134049,successful,https://www.kickstarter.com/projects/niftyx/a-wearable-charging-cable-bracelet-that-disrupting?ref=category,337,Technology,Gadgets,3344,3344,3399,Other Miscellaneous Manufacturing
67,1838257961,A-Maze Me | Custom Hand-Designed Name Mazes,"Commission me to turn your name into a cool graphic maze!  A real maze with only one solution, ready to print any size you like.",Fort Wayne,IN,2017-11-30,2017-12-30,200,4824,successful,https://www.kickstarter.com/projects/1718416050/a-maze-me-custom-hand-designed-name-mazes?ref=category_newest,261,Design,Typography,7115,7115,3231,Printing and Related Support Activities
68,1846734696,Brother's Keeper,A collection of Horror novellas pertaining to family.,Dayton,OH,2022-03-20,2022-05-19,1500,71,live,https://www.kickstarter.com/projects/dcv-brotherskeeper/brothers-keeper-0?ref=discovery_category_newest,47,Publishing,Fiction,5111,5111,5111,"Newspaper, Periodical, Book, and Directory Publishers"
69,1853504514,Lone Russian,"Help us finish Lone Russian a black and white fantastical drama/comedy silent short film. Click here to find out more. 

",Seattle,WA,2010-06-10,2010-08-20,2500,2502,successful,https://www.kickstarter.com/projects/1041932752/lone-russian?ref=category,30,Film & video,Documentary,7115,5121,5121,Motion Picture and Video Industries
70,1879010421,"Colorphase: """"I Promise We Don't Suck"""" Tour","Our sound reminds you of Led Zeppelin, Red Hot Chili Peppers, and Lauryn Hill all at the same time. """"I Promise We Don't Suck.""""",Madison,WI,2013-08-09,2013-08-31,2500,2830,successful,https://www.kickstarter.com/projects/colorphase/colorphase-i-promise-we-dont-suck-tour?ref=category,43,Music,Rock,7111,7111,7111,Performing Arts Companies
71,1902680495,Murder in the Alps,A 1920s Historical Cozy Mystery Special Edition,Houston,TX,2023-08-15,2023-08-30,500,9689,live,https://www.kickstarter.com/projects/sararosett/murder-in-the-alps?ref=discovery_category_newest,47,Publishing,Fiction,5111,5111,5111,"Newspaper, Periodical, Book, and Directory Publishers"
72,1921504921,An Ordinary Toad's Extraordinary Night!,Andrew wonders if his life would be more exciting if he'd been hatched a frog. Shiny and green just seems more exciting to him. Until..,New Lexington,OH,2011-11-08,2011-12-18,4800,550,failed,https://www.kickstarter.com/projects/joannemcgonagle/an-ordinary-toads-extraordinary-night?ref=category,46,Publishing,Children's books,5111,5111,5111,"Newspaper, Periodical, Book, and Directory Publishers"
73,1922111944,Open Country Log Furniture,"A full line of rustic furniture, from our family to yours",Eugene,OR,2019-11-06,2020-01-03,65000,751,live,https://www.kickstarter.com/projects/oclf/open-country-log-furniture?ref=discovery_category_newest,7,Design,NA,3371,3371,3371,Household and Institutional Furniture and Kitchen Cabinet Manufacturing
74,1924203764,The Himalayan Hoodie -  (Relaunch) 1 Week Only,The Himalayan Hoodie is an 800-Fill Power Down Jacket brought to you by HIMALI™ - WARM & Superlight,Boulder,CO,2015-03-05,2015-03-13,2000,22339,successful,https://www.kickstarter.com/projects/himali/himalayan-hoodie-warm-and-superlight-relaunch-1-we?ref=category,263,Fashion,Apparel,3399,3399,4481,Clothing Stores
75,1932072040,"Chinese Lion Dance Center in Cincinnati,Ohio","I absolutely adore the Chinese Lion Dance, and I am a skilled practitioner and costume maker.  It is my dream to spread Lion Dance :)",Cincinnati,OH,2011-06-01,2011-07-02,4650,40,failed,https://www.kickstarter.com/projects/2067271002/chinese-lion-dance-center-in-cincinnatiohio?ref=category,24,Art,Performance art,7115,7115,7111,Performing Arts Companies
76,1934381051,SPOKE-N-OUT: Pedal with a Purpose! En-Light-en your ride!,With its glow in the dark capability this fun bike spoke Token allows you to shine day and night. Just in time for biking season.,Dallas,TX,2021-01-14,2021-03-15,8900,637,live,https://www.kickstarter.com/projects/spokenout/spoke-n-out-pedal-with-a-purpose?ref=discovery_category_newest,28,Design,Product design,3261,3261,3399,Other Miscellaneous Manufacturing
77,1968486731,Dandilyon Designs Studio Liftoff!,"Take Dandilyon Designs from borrowing equipment to having a fully functional studio ready to turn out hand-made, eco-friendly jewelry.",Oakland,CA,2014-06-17,2014-07-17,6500,6847,successful,https://www.kickstarter.com/projects/1035182234/dandilyon-designs-studio-liftoff?ref=category,267,Fashion,Jewelry,3399,3399,3399,Other Miscellaneous Manufacturing
78,2006175627,My name is.....,"My name is..... is a horror/fantasy novel about a paranormal investigator/exorcist, who has a demon living inside of him.",New York,NY,2012-05-08,2012-06-07,2000,0,failed,https://www.kickstarter.com/projects/1880211147/my-name-is?ref=category,47,Publishing,Fiction,7115,7115,5111,"Newspaper, Periodical, Book, and Directory Publishers"
79,2011436662,Fit Cage,Your (virtual) personal fitness trainer- FREE & On Demand. Free instruction for interval fitness training. For Gyms and personal use.,Fort Pierce,FL,2014-10-27,2014-12-19,15000,15010,successful,https://www.kickstarter.com/projects/1686184415/fit-cage?ref=category,51,Technology,Software,6116,6116,6116,Other Schools and Instruction
80,2032482979,Allan Quatermain and the Lost City of Carcosa,Pulp Action and Adventure based on 5e SRD,Philadelphia,PA,2018-10-02,2018-11-01,25000,116,live,https://www.kickstarter.com/projects/34773137/allan-quatermain-and-the-lost-city-of-carcosa?ref=category_newest,34,Games,Tabletop games,7115,7115,7115,"Independent Artists, Writers, and Performers"
81,2041886732,The Good the Bad and the Coyote FILM WITH DISTRIBUTION DEAL!,"A witty comedy about an American """"Coyote"""" who illegally smuggles people into Canada",Salt Lake City,UT,2014-05-14,2014-06-13,5000,5024,successful,https://www.kickstarter.com/projects/892503736/the-good-the-bad-and-the-coyote-film-with-distribu?ref=category,292,Film & video,Comedy,5121,5121,5121,Motion Picture and Video Industries
82,2077131018,The Inevitables,An art & music project based on a group of nobodies trying to save the world. Help support a 22 page comic w/full album soundtrack.,Gainesville,FL,2020-07-24,2020-09-04,20000,50519.69,successful,https://www.kickstarter.com/projects/theinevitables/the-inevitables?ref=discovery_category_newest,14,Music,NA,7111,7111,7111,Performing Arts Companies
83,2086118136,Delivery Guy - A Comedy Short,A comedy about an unlikely gift from the universe.,Los Angeles,CA,2018-10-02,2018-10-31,1500,1591,successful,https://www.kickstarter.com/projects/chrispecchenino/delivery-guy-a-comedy-short?ref=category_newest,292,Film & video,Comedy,5121,5121,5121,Motion Picture and Video Industries
84,2088052382,Aaron's FIRST Full-Length Album,"These songs have been with me for years, and it is finally time to share my best work with you all.",Fargo,ND,2019-02-06,2019-03-12,1500,1791,successful,https://www.kickstarter.com/projects/aaronsimmonsalbum/aarons-first-full-length-album?ref=discovery_category_newest,37,Music,Country & folk,7111,7111,5122,Sound Recording Industries
85,2104712947,LA Based Specialty Cold Brew Coffee,"LA Semilla Coldbrew Co. is a company with a vision to energize our community through a culture that engages, inspires and encourages.",Pasadena,CA,2016-04-15,2016-05-20,6500,7096.01,successful,https://www.kickstarter.com/projects/1585608816/la-based-specialty-cold-brew-coffee?ref=category,307,Food,Drinks,3119,3119,7223,Special Food Services
86,212255896,Mobile Coffee Cart with a Purpose,"I am on a mission to offer as many people as I can a great healthy coffee, tea, and snacks by using healthy products and ingredients.",Cornelius,OR,2014-07-15,2014-08-14,25000,188,failed,https://www.kickstarter.com/projects/623552315/mobile-coffee-cart-with-a-purpose?ref=category,311,Food,Food trucks,7223,7223,7223,Special Food Services
87,2125727829,CookiNG under PRESSURE,Former host of Discovery Channel’s Future Foods and celebrity chef/owner of moto restaurant revolutionizes the future of how we eat.,Chicago,IL,2013-01-13,2013-02-27,30000,31644,successful,https://www.kickstarter.com/projects/1073580792/cooking-under-pressure?ref=category,33,Film & video,Webseries,5121,5121,7223,Special Food Services
88,231711326,SESSION's First E.P.,"We've been working on tracks for our first E.P. We're looking for backing to finish recording, mixing, mastering, and production.",Fresno,CA,2011-10-11,2011-11-10,10000,275,failed,https://www.kickstarter.com/projects/session/sessions-first-ep?ref=category,43,Music,Rock,7111,7111,5122,Sound Recording Industries
89,275653409,"Full Football Fan Experience by video, sound and paint.",We want you to see a first person GoPro view of the game and a written account of the full experience from our perspective.,Knoxville,TN,2015-09-04,2015-10-02,100,0,failed,https://www.kickstarter.com/projects/1602180824/full-football-fan-experience-by-video-sound-and-pa?ref=category,359,Journalism,Print,7193,5121,5121,Motion Picture and Video Industries
90,283601927,A Memoir about Overcoming Writer's Block through Burning Man,"""""Composing Temple Sunrise"""" is a coming-of-age memoir about a 26 year old songwriter's journey across America to find his lost muse.",San Francisco,CA,2015-03-25,2015-04-24,3000,3215,successful,https://www.kickstarter.com/projects/853276466/a-memoir-about-overcoming-writers-block-through-bu?ref=category,48,Publishing,Nonfiction,7115,7115,7115,"Independent Artists, Writers, and Performers"
91,295356403,It's a Family Thing (Cards and Canvas),Family Inspired me with some special words. Was encouraged to put these words to some cards/artwork to share with the world @ large.,South Chicago,IL,2014-03-15,2014-05-04,2000,769,failed,https://www.kickstarter.com/projects/1634072443/its-a-family-thing-cards-and-canvas?ref=category,23,Art,Painting,7115,7115,4539,Other Miscellaneous Store Retailers
92,306426375,On the Road with the Green & Gold–Journey Into Packer Nation,On the Road with the Green & Gold – A Journey into Packer Nation is a cultural exploration of the Green Bay Packers’ fan base.,Portland,OR,2014-05-21,2014-06-20,40000,5125,failed,https://www.kickstarter.com/projects/1873605749/on-the-road-with-the-green-and-goldjourney-into-pa?ref=category,48,Publishing,Nonfiction,5111,5191,5111,"Newspaper, Periodical, Book, and Directory Publishers"
93,309313899,Mana Boardgame Tavern,We are taking our love of boardgames and socializing and putting them together into one steampunk styled boardgame tavern.,Pittsburgh,PA,2017-03-28,2017-05-12,40000,1266,live,https://www.kickstarter.com/projects/1395363174/mana-a-boardgame-tavern?ref=category,307,Food,Drinks,7224,7224,7224,Drinking Places (Alcoholic Beverages)
94,310955279,"Girls, Girls, Girls! Bigger, Badder & Better Than Ever!","Burlesque inspired, All female musical review",Manhattan,NY,2015-03-16,2015-04-18,900,270,failed,https://www.kickstarter.com/projects/girls-girls-girls2/girls-girls-girls-bigger-badder-and-better-than-ev?ref=category,284,Theater,Musical,7111,7111,7111,Performing Arts Companies
95,315582370,Powerpuff Girl Enamel Pins,Powerpuff girl enamel pins,Chicago,IL,2020-08-11,2020-09-11,560,71,live,https://www.kickstarter.com/projects/petitedoll/powerpuff-girl-enamel-pins?ref=discovery_category_newest,1,Art,NA,7115,7115,3399,Other Miscellaneous Manufacturing
96,35392135,Sandstorm Virtual Tabletop Services: Module 1,"Sandstorm is the our Virtual Tabletop Cloud Servers that service VTT apps that run on Windows, OSX, Linux, Android, and iOS!",San Jose,CA,2015-12-14,2016-01-14,1100,2032,successful,https://www.kickstarter.com/projects/740970397/sandstorm-virtual-tabletop-services-module-1?ref=category,34,Games,Tabletop games,5112,5112,5112,Software Publishers
97,358630372,THE ROMANTIC ORIGIN OF ROMANTIC SPECIES,A Science for the Heart and A Heart for Science    &&                Evolution of love and affection,Seminole,FL,2018-09-19,2018-10-26,35000,2,live,https://www.kickstarter.com/projects/1502900813/the-romantic-origin-of-romantic-species?ref=category_newest,18,Publishing,NA,5111,5111,5111,"Newspaper, Periodical, Book, and Directory Publishers"
98,377996723,Fire Pit,I am going to build a set of 10 fire pits. They will be constructed out of beer kegs.,Denver,CO,2012-07-06,2012-08-05,5000,0,failed,https://www.kickstarter.com/projects/236076938/fire-pit-0?ref=category,20,Art,Conceptual art,7115,3329,3329,Other Fabricated Metal Product Manufacturing
99,383858032,A CAMPAIGN (working title),"Celebrating the weird. An online exhibition producing internet based artworks as kickstarter rewards. GIFs, happenings, &cute protests.",New York,NY,2015-04-30,2015-06-20,18000,2079,failed,https://www.kickstarter.com/projects/1145215757/a-campaign-working-title?ref=category,20,Art,Conceptual art,7115,7115,7115,"Independent Artists, Writers, and Performers"
100,384003108,American Dynasty : A Political Board Game,"The Clintons, Bushes, Roosevelts, and Kennedys go head to head for their family's domination of American Politics.",Austin,TX,2016-01-20,2016-02-23,22500,7601,live,https://www.kickstarter.com/projects/2138557943/american-dynasty-a-political-board-game?ref=category,34,Games,Tabletop games,3399,3399,4511,"Sporting Goods, Hobby, and Musical Instrument Stores"
101,398890035,Go Extinct! Go Fish... evolved,A fresh take on an old classic -- now use SCIENCE to topple your opponents! Featuring fast-paced strategic gameplay and original art.,San Francisco,CA,2014-04-22,2014-05-31,15000,16335,successful,https://www.kickstarter.com/projects/aemarcy/go-extinct-go-fish-evolved?ref=category,34,Games,Tabletop games,3399,3399,9999,Unclassified
102,401258575,MoonRay - World's Best Desktop 3D Printer,"Meet the 3D Printer you have been waiting for, one that doesn't compromise on anything.",Los Angeles,CA,2015-04-28,2015-06-07,100000,422830,successful,https://www.kickstarter.com/projects/sprintray/moonray-worlds-best-desktop-3d-printer?ref=category,331,Technology,3d printing,3344,3344,3332,Industrial Machinery Manufacturing
103,409378907,Volkrekord QR Code Newsroom Installation,"A public installation art piece involving hundreds of QR code-stamped vinyl records, a newsroom, and a meta QR Code mural.",Pittsburgh,PA,2011-12-28,2012-01-31,50,120,successful,https://www.kickstarter.com/projects/1682341284/volkrekord-qr-code-newsroom-installation?ref=category,53,Art,Public art,5414,7115,7113,"Promoters of Performing Arts, Sports, and Similar Events"
104,42777548,Phone Monkey: Universal Smartphone Holder,"The Phone Monkey! It hugs your phone to stand on your desk, or twist the tail to swing from your rear-view mirror or a jungle vine.",Wilsonville,OR,2013-05-21,2013-07-02,4400,4644,successful,https://www.kickstarter.com/projects/2040502215/phone-monkey-universal-smartphone-holder?ref=category,28,Design,Product design,3261,3261,3399,Other Miscellaneous Manufacturing
105,428282326,"If Only, If Only",I am working on publishing my children's book I both wrote and hand illustrated.,Minneapolis,MN,2019-09-04,2019-11-04,1000,1561,successful,https://www.kickstarter.com/projects/ifonly/if-only-if-only?ref=discovery_category_newest,46,Publishing,Children's books,5111,5111,5111,"Newspaper, Periodical, Book, and Directory Publishers"
106,438609228,Althingi - A Viking Game of Strength & Influence,Althingi is a card game set in medieval Iceland. Take on the role of a powerful Icelandic Chieftain and vie for influence and power!,Kansas City,MO,2020-11-09,2020-12-01,7810,8765,successful,https://www.kickstarter.com/projects/joshuagillingham/althingi-a-viking-game-of-strength-and-influence?ref=discovery_category_newest,34,Games,Tabletop games,3399,3399,5112,Software Publishers
107,499190614,Drain The Swamp Collectors Edition Trading Cards.,"Limited edition collector trading cards called """"Drain The Swamp"""" designed to illustrate how politicians in both parties waste our money",Fort Worth,TX,2019-03-14,2019-05-13,30000,28,failed,https://www.kickstarter.com/projects/2015816201/drain-the-swamp-collectors-edition-trading-cards?ref=discovery_category_newest,273,Games,Playing cards,5111,5111,5111,"Newspaper, Periodical, Book, and Directory Publishers"
108,513474870,Circle Friend Ita Bag,A cute convertible ita bag of a round orange friend to bring on your adventures around the galaxy! Don't forget some friends too!,Milwaukee,WI,2020-08-16,2020-09-10,3500,4110,successful,https://www.kickstarter.com/projects/sheras/circle-friend-ita-bag?ref=discovery_category_newest,262,Fashion,Accessories,4483,4483,3152,Cut and Sew Apparel Manufacturing
109,527498219,Smart Phone Art,I take sunrise photos with my Galaxy S-6 Active. I have nice cameras but have been playing with my smart phone.,Slaughter Beach,DE,2016-01-07,2016-02-06,3000,195,live,https://www.kickstarter.com/projects/1247508742/smart-phone-art?ref=category,277,Photography,Nature,7115,7115,5419,"Other Professional, Scientific, and Technical Services"
110,565996984,THE BAT by Snyder and Ditko,A new character is introduced in this issue and an old one returns.,Bellingham,WA,2022-03-04,2022-04-04,4000,5403,successful,https://www.kickstarter.com/projects/1704592942/the-bat-by-snyder-and-ditko?ref=discovery_category_newest,249,Comics,Anthologies,7115,7115,5111,"Newspaper, Periodical, Book, and Directory Publishers"
111,572033273,SUBTLE ANGELS: CHRISTINE VOL. 2- FINE ART NUDES,Limited EDITION PHOTO book featuring the beautiful model CHRISTINE as your muse. Fine art nudes intended for a mature audience 18+,Las Vegas,NV,2016-07-29,2016-08-05,199,490,successful,https://www.kickstarter.com/projects/badgirlartwork/subtle-angels-christine-vol-2-fine-art-nudes?ref=category,276,Photography,Fine art,5419,5419,5419,"Other Professional, Scientific, and Technical Services"
112,589416528,Help Fund Jim Ellis' New Album,A collection of Songs written by Jim Ellis and friends spanning a 30 year history.  The album features many great Mississippi musicians,Canton,MS,2013-05-06,2013-06-05,6000,6363,successful,https://www.kickstarter.com/projects/648330887/help-fund-jim-ellis-new-album?ref=category,43,Music,Rock,7111,7111,5122,Sound Recording Industries
113,590791646,Boss - A Titanium multi-tool that puts you in charge.,This key sized tool makes common difficult tasks easy.  9+ tools packed into one sleek fashionable easy to carry device.,Fredericksburg,VA,2014-06-02,2014-07-10,4500,63158.54,successful,https://www.kickstarter.com/projects/817146541/boss-a-titanium-mutli-tool-that-puts-you-in-charge?ref=category,28,Design,Product design,3322,3322,3322,Cutlery and Handtool Manufacturing
114,591608316,Coastal Curiosities Oracle Deck,44 cards artistically designed and filled with miniature worlds of eccentric keepsakes inspired by the Pacific Northwest,Astoria,OR,2021-08-17,2021-09-16,9000,19350,successful,https://www.kickstarter.com/projects/coastalcuriosities/coastal-curiosities?ref=discovery_category_newest,22,Art,Illustration,7115,7115,4539,Other Miscellaneous Store Retailers
115,595508254,The Double Stroller Hand Grenade,A quirky thriller about a stay-at-home dad who discovers that his wife is a Mafioso assassin.,Key Biscayne,FL,2011-06-22,2011-08-01,1500,1503,successful,https://www.kickstarter.com/projects/1988903006/the-double-stroller-hand-grenade?ref=category,47,Publishing,Fiction,5111,5111,5111,"Newspaper, Periodical, Book, and Directory Publishers"
116,61635841,Michigan | The Great Lakes State,Pins & Shirts & Stickers,Grand Rapids,MI,2018-02-17,2018-03-19,1000,485,live,https://www.kickstarter.com/projects/davidelliott/michigan-the-great-lakes-state?ref=category_newest,263,Fashion,Apparel,3152,3152,4481,Clothing Stores
117,634990523,"""""Red Dirt"""" Short Film Production",The road you take isn't the ultimate destination.,Los Angeles,CA,2012-11-08,2012-11-15,4200,4211,successful,https://www.kickstarter.com/projects/129526718/red-dirt-short-film-production?ref=category,32,Film & video,Shorts,5121,5121,5121,Motion Picture and Video Industries
118,667693321,LOVE IN REALITY,An acoustic soulful sound influenced by different genres of music.Its music from the heart.,Upland,CA,2012-11-13,2012-12-13,5000,0,failed,https://www.kickstarter.com/projects/508807164/love-in-reality?ref=category,44,Music,World music,7111,7111,7113,"Promoters of Performing Arts, Sports, and Similar Events"
119,709531166,Toby Finds A Home,True story about  an abandoned  Cocker Spaniel that triumphs  in the end despite having a disability.,Storrs,CT,2012-10-25,2012-12-09,3000,322,failed,https://www.kickstarter.com/projects/1899122395/toby-finds-a-home?ref=category,46,Publishing,Children's books,7115,7115,5111,"Newspaper, Periodical, Book, and Directory Publishers"
120,72717783,"INSIDE THE EXTRAS STUDIO + SHERLOCK, BY M. WATSON",3 hilarious web series from the creators of Research. and Sudden Death! Over two hours of content!,Los Angeles,CA,2018-07-02,2018-08-01,30000,30068.99,successful,https://www.kickstarter.com/projects/mildlyfearsomefilms/inside-the-extras-studio-sherlock-by-m-watson?ref=category_newest,33,Film & video,Webseries,5121,5121,5121,Motion Picture and Video Industries
121,734212685,Immolation Twins,What is the sacrificial nature of artistry? Explore it with us this January at the Venus Theater Festival.,Manhattan,NY,2014-10-10,2014-11-09,4000,4620,successful,https://www.kickstarter.com/projects/1770128833/immolation-twins?ref=category,282,Theater,Festivals,7111,7111,7111,Performing Arts Companies
122,739088516,The Deck of Stories and NPC Cards,Storytelling accessories for your favorite TTRPG.,Portland,OR,2020-10-01,2020-10-31,10000,171484.89,successful,https://www.kickstarter.com/projects/deckofstories/the-deck-of-stories-and-npc-cards?ref=discovery_category_newest,34,Games,Tabletop games,3399,3399,3231,Printing and Related Support Activities
123,748468664,You're Going to Ruin his Life,A story about sexual assault.,Kingston,RI,2019-02-26,2019-03-29,1000,1100,successful,https://www.kickstarter.com/projects/standwithsurvivors/youre-going-to-ruins-his-life?ref=discovery_category_newest,32,Film & video,Shorts,5121,5121,5121,Motion Picture and Video Industries
124,762784336,"Evangelism: Christian SciFi """"The Return"""" Social Experiment","Facebook Live events, podcasts, crowd-funded audience gathering (we share our results!) and more from the huge world of """"The Return"""".",Tacoma,WA,2016-10-25,2016-11-24,10000,76,failed,https://www.kickstarter.com/projects/bistormllc/christian-scifi-the-return-social-experiment?ref=category,47,Publishing,Fiction,5111,5111,5111,"Newspaper, Periodical, Book, and Directory Publishers"
125,779871396,Billy Mack Collector Needs a Car To Tour!,"Billy Mack Collector, a folk group that plays happy songs about being uncomfortable, needs a new car to do their 4th US tour!",Stroudsburg,PA,2011-03-04,2011-03-25,2500,2599,successful,https://www.kickstarter.com/projects/2073261011/billy-mack-collector-needs-a-car-to-tour?ref=category_newest,14,Music,NA,7111,7111,7111,Performing Arts Companies
126,783320052,"Our City, Our Story. Rockford, IL","Telling the story of hard-knocked Rockford, IL by telling the story of its parts.",Rockford,IL,2012-02-05,2012-03-06,3750,8699,successful,https://www.kickstarter.com/projects/pablokorona/our-city-our-story-rockford-il?ref=category,33,Film & video,Webseries,5121,5121,5121,Motion Picture and Video Industries
127,783671991,Along a Burning River Volume 2 - Stories of Ohio,An eclectic B&W comic anthology about Ohio as told by Ohio creators.,Akron,OH,2022-03-12,2022-04-11,2000,3054,successful,https://www.kickstarter.com/projects/burningriver/along-a-burning-river-volume-2-stories-of-ohio?ref=discovery_category_newest,249,Comics,Anthologies,5111,7115,5111,"Newspaper, Periodical, Book, and Directory Publishers"
129,798285985,Children's Sound Book in Haitian Creole,A bilingual children's sound book.,West Palm Beach,FL,2020-06-09,2020-07-03,2000,2288,successful,https://www.kickstarter.com/projects/emanna/childrens-sound-book-in-haitian-creole?ref=discovery_category_newest,1,Art,NA,5111,7115,5111,"Newspaper, Periodical, Book, and Directory Publishers"
130,805583841,THE ICE DROP - The clean and simple way to funnel your ice,To eliminate ice from dropping on your floor,Pleasant Grove,UT,2018-05-21,2018-07-20,30000,388,live,https://www.kickstarter.com/projects/220068404/the-ice-drop-the-clean-and-simple-way-to-funnel-yo?ref=category_newest,28,Design,Product design,3261,3261,3399,Other Miscellaneous Manufacturing
131,805749338,Smash!,"An indie rom-com short about two socially-awkward introverts, """"Flynn & Doyle,"""" experiencing friendship, love...and chaos!",New York,NY,2019-08-16,2019-09-30,4500,216,live,https://www.kickstarter.com/projects/fjprice/smash-0?ref=discovery_category_newest,292,Film & video,Comedy,5121,5121,5121,Motion Picture and Video Industries
132,805929516,Once Upon a Tango Show (Canceled),Help us get in the Hollywood Fringe Festival!,Hollywood,CA,2021-05-18,2021-07-02,7165,191,canceled,https://www.kickstarter.com/projects/gdtango/once-upon-a-tango-show?ref=discovery_category_newest,254,Dance,Performances,7115,7113,7111,Performing Arts Companies
133,81538744,"Roxanne Reed's Debut EP, """"Sunny Disposition""""",Roxanne Reed is an 18 year old singer-songwriter whose folk/pop style of music is primarily inspired by love & all other things sunny.,San Diego,CA,2013-01-03,2013-02-02,1500,2050,successful,https://www.kickstarter.com/projects/1867533037/roxanne-reeds-debut-ep-sunny-disposition?ref=category,42,Music,Pop,7111,7111,5122,Sound Recording Industries
134,816241130,Song And Wine Fest,"Song and Wine Fest, A pairing of fine Central California Coast wines and singer/songwriters",Paso Robles,CA,2012-03-15,2012-04-17,4000,0,failed,https://www.kickstarter.com/projects/1585055513/song-and-wine-fest?ref=category,37,Music,Country & folk,7113,7113,7113,"Promoters of Performing Arts, Sports, and Similar Events"
135,841530758,WHAT NEXT,"“ WHAT NEXT ” my upcoming short film is a story for the imaginative, the day-dreamers, the people forevermore  wondering what’s next.",Boulder,CO,2020-04-17,2020-06-16,7500,11,live,https://www.kickstarter.com/projects/garsonrenner/what-next-0?ref=discovery_category_newest,11,Film & video,NA,5121,5121,5121,Motion Picture and Video Industries
136,845500325,Avant-Garde: Fall/Winter Fashion Collection,To create a Fall/Winter 2018 Fashion Collection.,Roanoke,VA,2018-07-02,2018-08-01,1000,21,live,https://www.kickstarter.com/projects/800104630/avant-garde-fall-winter-fashion-collection?ref=category_newest,269,Fashion,Ready-to-wear,3152,3152,4481,Clothing Stores
137,856053791,"Are you ready for T.C Hood's """"Winter Island Winter?""""","With your help, Missouri hip hop/electronic artist The Child Hood will produce his new album entitled """"Winter Island Winter.""""",St. Joseph,MO,2013-01-02,2013-02-01,4800,0,failed,https://www.kickstarter.com/projects/1778625691/are-you-ready-for-tc-hoods-winter-island-winter?ref=category,39,Music,Hip-hop,7111,7111,5122,Sound Recording Industries
138,861434377,Gallery 263's First Folk Festival!,Ever heard of an intimate acoustic Folk Festival?  Neither have we.  Now is your chance to help launch one!,Cambridge,MA,2011-07-28,2011-08-27,3000,3209,successful,https://www.kickstarter.com/projects/gallery263/gallery-263s-first-folk-festival?ref=category,37,Music,Country & folk,7113,7113,7113,"Promoters of Performing Arts, Sports, and Similar Events"
139,86923550,Cult Party: Support Your Local Feminist Girl Gang,All Woman Intersectional Feminist Collective.,Bushwick,NY,2017-11-06,2017-12-06,10000,1091,failed,https://www.kickstarter.com/projects/894953297/cult-party-support-your-local-feminist-girl-gang?ref=category_newest,262,Fashion,Accessories,3152,3152,4481,Clothing Stores
140,891022484,Launching Allergy-Sensitive Dog Treats!,"Bite my Biscuit is Pioneering Two New Allergy-Sensitive Doggy Treats: """"Live & Let Liver"""" and """"Tick Me Off""""",Los Angeles,CA,2013-09-24,2013-10-24,3750,4086,successful,https://www.kickstarter.com/projects/1522649572/launching-allergy-sensitive-dog-treats?ref=category,10,Food,NA,3111,3111,3111,Animal Food Manufacturing
141,905837221,The Hernandez Factor: Transformative Regression,Two women with juvenile rheumatoid arthritis undergo a transformative event.,San Francisco,CA,2014-01-21,2014-02-10,5000,475,failed,https://www.kickstarter.com/projects/thf/the-hernandez-factor-transformative-regression?ref=category,33,Film & video,Webseries,5121,5121,5121,Motion Picture and Video Industries
142,937123179,"CRNK, the New Revolution of Helmets",Premium Helmet with Top-Quality Features made Affordable and Approachable,Cypress,CA,2021-10-12,2021-11-26,5000,14477,successful,https://www.kickstarter.com/projects/playahead/crnk-the-new-revolution-of-helmets?ref=discovery_category_newest,28,Design,Product design,3399,3399,3399,Other Miscellaneous Manufacturing
143,960582582,EPIC BITES CURRY KETCHUP,"Epic Bites Curry Ketchup is tradition, cult, and taste and new jobs. With this project, we want to create new jobs.",Miami,FL,2019-12-03,2020-02-01,30000,79,failed,https://www.kickstarter.com/projects/epicbiteketchup/epic-bites-curry-ketchup?ref=discovery_category_newest,311,Food,Food trucks,3114,3114,7223,Special Food Services
144,96885424,Zzzoom Into The Future Rap Song And Video,A medical human rights rap anthem & video.,Goodland,TX,2021-01-05,2021-03-06,1000,1,live,https://www.kickstarter.com/projects/208929444/zzzoom-into-the-future-rap-song-and-video?ref=discovery_category_newest,14,Music,NA,7111,7111,5122,Sound Recording Industries
145,981546122,Montpelier Contra Exchange,Want more contra dancing? Want to learn advanced contra skills and try other partner dances? Let's launch second Saturdays!,Montpelier,VT,2015-11-15,2015-12-15,1000,1586,successful,https://www.kickstarter.com/projects/300413495/montpelier-contra-exchange?ref=category_newest,6,Dance,NA,7113,7113,7111,Performing Arts Companies
147,987547847,WATER WARS: 2288 - Volume Two,"""""The Improbable Transformation of Citizen 0313""""",York,PA,2021-06-16,2021-07-16,1000,3298,successful,https://www.kickstarter.com/projects/hunchback-book/water-wars-2288-volume-two?ref=discovery_category_newest,250,Comics,Comic books,7115,7115,5111,"Newspaper, Periodical, Book, and Directory Publishers"
148,990449949,Blatant: The Declassified Dogman Files,Some call it a dysfunctional rock opera with no sheet music. Others say it's an Orwellian tale of Lebowskiesque proportions.,New City,NY,2013-05-17,2013-06-16,10000,4513,failed,https://www.kickstarter.com/projects/523458975/blatant-the-declassified-dogman-files?ref=category,3,Comics,NA,7115,7115,7115,"Independent Artists, Writers, and Performers"
